Aaron,Rayong,Khao Chamao,0814568732
Abby,Khon Kaen,Mueang,0975321453
Adam,Bangkok,Tungkru,0123456789
Alex,Chonburi,Sriracha,0234567891
Allen,Krabi,Mueang,0899653223
Alice,Chiangmai,Meung,0345678912
Art,Chonburi,Ban Bueng,0975367425
Anne,Bangkok,Dusit,0987756436
Anne,Trat,Mueang,0964322109
Bacon,Phuket,Mueang,0832115466
Ball,Chiang Rai,Mueang,0956722132
Bank,Chonburi,Ko Sichang,0921435562
Barbara,Bangkok,Phranakorn,0456789123
Barry,Lampang,Mae Phrik,0943245612
Beck,Phuket,Mueang,0984512670
Bell,Nonthaburi,Bang Yai,0907539860
Ben,Chiang Rai,Mae Sai,0812234421
Bill,Phetchaburi,Cha-am,0879843256
Bob,Phuket,Meung,0567891234
Bob,Bangkok,Lat Krabang,0837521199
Brandon,Bangkok,Tungkru,0678912345
Carol,Chiangmai,Meung,0789123456
Chris,Chonburi,Sriracha,0940368252
Christopher,Phuket,Meung,0891234567  
Daniel,Ranong,Mueang,0932287945
David,Phrae,Mueang,0657721327
Eric,Chiang Mai,Chiang Dao,0923547685
Frank,Nakhon Pathom,Kamphaeng Saen,0864325787
Fred,Krabi,Khao Phanom,0869090456
Gene,Phetchaburi,Cha-am,0634299808
Harry,Chonburi,Sriracha,0828809054
Henry,Phayao,Mueang,0855543678
Jack,Bangkok,Sathon,0993425136
James,Chiang Mai,Mueang,0657865431
Jane,Kalasin,Mueang,0987564534
Jim,Nonthaburi,Bang Bua Thong,0933451200
John,Chiang Rai,Mae Fa Luang,0912633324
Judy,Bangkok,Phaya Thai,0862310987
Kate,Krabi,Ko Lanta,0845894221
Luis,Roi Et,Mueang,0842217676
Matt,Bangkok,Don Mueang,0823756892
Max,Chonburi,Nong Yai,0816538759
Mick,Bangkok,Khlong San,0877689321
Mike,Phuket,Mueang,0917459990
Nat,Nakhon Pathom,Sam Phran,0619374608
Omar,Chainat,Sankhaburi,0817833219
Paul,Phuket,Mueang,0976741148
Peter,Phuket,Mueang	,0823211457
Peter,Krabi,Khao Phanom,0968943321
Ray,Bangkok,Rat Burana,0898751123
Rose,Bangkok,Bang Bon,0876277593
Ruby,Krabi,Ko Lanta,0928476947
Sam,Phuket,Mueang,0857832577
Tina,Suphan Buri,Dan Chang,0874358982
Tim,Bangkok,Thon Buri,0826703442
Tony,Trat,Ko Chang,0914557897
Tom,Chiang Rai,Doi Luang,0885566342
Yuri,Lamphun,Mueang,0962711980
