Adam,Bangkok,Tungkru,0123456789
Alex,Chonburi,Sriracha,0234567891
Alice,Chiangmai,Meung,0345678912
Barbara,Bangkok,Phranakorn,0456789123
Bob,Phuket,Meung,0567891234
Nat,Nakhon Pathom,Sam Phran,0619374608
Gene,Phetchaburi,Cha-am,0634299808
David,Phrae,Mueang,0657721327
James,Chiang Mai,Mueang,0657865431
Brandon,Bangkok,Tungkru,0678912345
Carol,Chiangmai,Meung,0789123456
Ben,Chiang Rai,Mae Sai,0812234421
Aaron,Rayong,Khao Chamao,0814568732
Max,Chonburi,Nong Yai,0816538759
Omar,Chainat,Sankhaburi,0817833219
Peter,Phuket,Mueang	,0823211457
Matt,Bangkok,Don Mueang,0823756892
Tim,Bangkok,Thon Buri,0826703442
Harry,Chonburi,Sriracha,0828809054
Bacon,Phuket,Mueang,0832115466
Bob,Bangkok,Lat Krabang,0837521199
Luis,Roi Et,Mueang,0842217676
Kate,Krabi,Ko Lanta,0845894221
Henry,Phayao,Mueang,0855543678
Sam,Phuket,Mueang,0857832577
Judy,Bangkok,Phaya Thai,0862310987
Frank,Nakhon Pathom,Kamphaeng Saen,0864325787
Fred,Krabi,Khao Phanom,0869090456
Tina,Suphan Buri,Dan Chang,0874358982
Rose,Bangkok,Bang Bon,0876277593
Mick,Bangkok,Khlong San,0877689321
Bill,Phetchaburi,Cha-am,0879843256
Tom,Chiang Rai,Doi Luang,0885566342
Christopher,Phuket,Meung,0891234567  
Ray,Bangkok,Rat Burana,0898751123
Allen,Krabi,Mueang,0899653223
Bell,Nonthaburi,Bang Yai,0907539860
John,Chiang Rai,Mae Fa Luang,0912633324
Tony,Trat,Ko Chang,0914557897
Mike,Phuket,Mueang,0917459990
Bank,Chonburi,Ko Sichang,0921435562
Eric,Chiang Mai,Chiang Dao,0923547685
Ruby,Krabi,Ko Lanta,0928476947
Daniel,Ranong,Mueang,0932287945
Jim,Nonthaburi,Bang Bua Thong,0933451200
Chris,Chonburi,Sriracha,0940368252
Barry,Lampang,Mae Phrik,0943245612
Ball,Chiang Rai,Mueang,0956722132
Yuri,Lamphun,Mueang,0962711980
Anne,Trat,Mueang,0964322109
Peter,Krabi,Khao Phanom,0968943321
Abby,Khon Kaen,Mueang,0975321453
Art,Chonburi,Ban Bueng,0975367425
Paul,Phuket,Mueang,0976741148
Beck,Phuket,Mueang,0984512670
Jane,Kalasin,Mueang,0987564534
Anne,Bangkok,Dusit,0987756436
Jack,Bangkok,Sathon,0993425136
